id,title,city,state,countryCode,reviewsCount,totalScore,categoryName,website,phone,street
,Alemz Photography,Lagos,Lagos,NG,2,5,Photographer,,+234 701 105 0783,56 Olokodana St
,Salami Omogbolahan Photography,Lagos,Lagos,NG,1,5,Photographer,https://www.instagram.com/salamiomogbolahan/,+234 817 937 8400,32 Babani St
,Cedar Infinity Photography,Lagos,Lagos,NG,0,0,Photography studio,,+234 803 048 3681,53 Herbert Macaulay Wy
,Emeka Odum Photography,Lagos,Lagos,NG,0,0,Wedding photographer,,+234 806 275 3602,34 Bola/Coates Street
,Princess Rihan Photography,Lagos,Lagos,NG,0,0,Photographer,,+234 812 419 2383,21 Prince DanielLagos street
,Sadeeq photography Ashaka,Lagos,Lagos,NG,0,0,Photographer,,,F9HG+W6Q
,Zainab Photographer,Lagos,Lagos,NG,0,0,Photographer,,+234 818 642 6045,"EM, 35 Apapa Rd"
,Bibi Pixels,Lagos,Lagos,NG,0,0,Photographer,,,62 Brickfield Rd
,Gbanj photos,Lagos,Lagos,NG,0,0,Photographer,,+234 802 774 4011,"23 Oloto St, Mainland"
,LumiGrapher | Photographer In Lagos,Lagos,Lagos,NG,7,4,Photographer,,+234 805 844 3340,Kosofe Rd
,Megamind Visuals | Photographer In Lagos,Lagos,Lagos,NG,0,0,Photographer,,+234 916 192 8025,52 Makoko Rd
,Israelbamidele photography,Lagos,Lagos,NG,0,0,Photographer,,,"F9WM+JCF, Molony"
,Teni Snaps | Fashion Photographer in Lekki Lagos,Lagos,Lagos,NG,0,0,Photographer,,+234 802 849 8445,"A2-16-188, Sura Shopping Complex"
,"Poshclick Portraiture | Top Lagos Lifestyle, Wedding And Portrait Photographer",Lagos,Lagos,NG,32,4,Portrait studio,http://www.poshclickportraiture.com/,+234 809 397 1917,"6b Abagbon Cl, off Ologun Agbaje Street"
,Kenku Photographer,Lagos,Lagos,NG,0,0,Photographer,,+234 805 722 0197,"32 Okepopo St, off Gbotifx"
,Jossigraphy Photo Studio,Lagos,Lagos,NG,71,4,Photography studio,,+234 810 305 6644,
,Lady rose photo,Lagos,Lagos,NG,0,0,Photographer,,+234 808 461 1461,"Mk 35,Iponri Shopping Center,Iponri Main Market,Surulere"
,The Reel Mayor Pixels,Lagos,Lagos,NG,0,0,Photographer,,+234 906 066 1077,"House 71 Iponri Estate Rd, Iponri Rd"
,Ndukwe Michael Kalu,Lagos,Lagos,NG,0,0,Photographer,,+234 803 345 6873,"Block 6 Flat 1, Zone A, Iponri Estate Rd"
,Pureview Photography,Lagos,Lagos,NG,0,0,Photographer,http://pureviewphotography.com/,+234 803 042 6895,"2nd Floor, 2 Macarthy Street"
,Ehis Destiny Child Photographer,Lagos,Lagos,NG,0,0,Photographer,,+234 805 344 9159,"Agege, 3/1 Lagos St"
,Bright udoh photography,Lagos,Lagos,NG,3,3,Photographer,,+234 802 139 0805,"CCF9+XFX Mike inebese close, Amodu Ojikutu St"
,TMSTUDIOS.NG,Eti Osa,Lagos,NG,39,4,Photographer,https://linktr.ee/tmstudios.ng?fbclid=PAZXh0bgNhZW0CMTEAAaeJvRJSY8JPdvUcwG2RXU9XUQkXITnJTD-9gOCeVtjyDUKzns_ic58iTEGfDQ_aem_nF2PDWrBzH-ibypzJDxTNg,+234 913 420 8462,"Block 44, flat, 1 Kosofe Rd"
,Odion Photo Studio,Lagos,Lagos,NG,14,4,Photographer,,+234 802 302 2908,"Ijeh Powa Market, Ijeh Village Rd"
,Tunde Oni Photo Factory,Lagos,Lagos,NG,1,5,Photographer,,+234 806 770 1433,"177a, Igbosere Road, Off Simpson St"
,ISLAND BOY SHOT IT,Lagos,Lagos,NG,0,0,Photographer,,+234 905 684 1229,"LOCAL GOVERNMENT, 38 Pike St"
,De Action Photo Studio,Lagos,Lagos,NG,1,5,Photographer,,+234 803 582 9018,"Block 6, Dolphin Estate, Oshodi Rd"
,DETAILS CONCEPT,Lagos,Lagos,NG,1,5,Photographer,,,2 Bamgbose St
,Anisgallery studio1,Lagos,Lagos,NG,3,5,Wedding photographer,,+234 805 316 4327,Mobolaji Bank Anthony St
,SPI_Gallery,Lagos,Lagos,NG,3,5,Photographer,,+234 814 267 1816,Lagos city mall onikan tbs King judge Ikoyi local government area
,Olanrewaju photography,Lagos,Lagos,NG,0,0,Photographer,,+234 708 007 7769,Odunlami St
,Bee Studio.ng,Victoria island,Lagos,NG,0,0,Wedding photographer,,+234 803 315 4260,1 Olosa St
,Your studio,Lagos,Lagos,NG,0,0,Photographer,,+234 805 219 4282,29 Karimu Kotun St
,Piro Creative Hub Enterprise,Lagos,Lagos,NG,0,0,Photographer,,+234 805 131 0720,"2 Adeola Hopewell St, Eko Hotel Roundabout"
,Photographer,Lagos,Lagos,NG,0,0,Photographer,,+234 816 426 8432,"Ona osa, 4 Ibeju Lekki St"
,OpeyemiGold Studio,Lagos,Lagos,NG,3,5,Photography service,,+234 816 945 2216,"25 Mobil Road, Malu Road, Ajegunle-Apapa"
,Fantomas International Photographers,Lagos,Lagos,NG,0,0,Photographer,,+234 803 409 3682,"Shop No. 10, Off Apongbon, Griffin St"
,Paul Og Photography,Lagos,Lagos,NG,0,0,Photographer,,,"By Mega Plaza, 21 B Idowu Martins St"
,Supreme Media & Publicity Co.,Lagos,Lagos,NG,0,0,Photographer,,+234 802 461 6131,Crowther Cres
,Damilare Joseph photography,Lagos,Lagos,NG,0,0,Photographer,,+234 808 867 9956,200 Igbosere Rd
,JUNIOR LEE PHOTOGRAPHY,Lagos,Lagos,NG,0,0,Photographer,,+234 817 732 2316,43 Okesuna St
,State Excellent Photos,Lagos,Lagos,NG,0,0,Photographer,,+234 802 635 5099,7 Ajeniya St
,CIP Digital Photo Studio,Lagos,Lagos,NG,0,0,Photographer,,+234 803 507 1652,"CCW2+79G, Kiosi Terrace, TBC, CMS, Tafawa Balewa Rd"
,Rome Photography,Lagos,Lagos,NG,0,0,Photographer,,,"Ikoyi Dolphin Estate, Block 13 Agegelane"
,Taife Photography,Lagos,Lagos,NG,0,0,Photographer,,+234 803 539 4243,
,Sunny Brown Creative Fotografa,Lagos,Lagos,NG,0,0,Photographer,,+234 803 318 8530,"202, Murtala Muhammad Way Adekunle"
,OpawoyeAdeoluPhotography,Lagos,Lagos,NG,0,0,Photographer,,+234 909 092 8181,"Irepodun St, Makoko Rd"
,Tesglam Studios,Lagos,Lagos,NG,10,4,Photographer,http://instagram.com/tesglamstudios,+234 802 987 8253,206 Borno Way
,Moussa Moussa,Lagos,Lagos,NG,1,2,Photographer,https://envisageng.wixsite.com/moussamoussa,+234 706 112 2222,15 Ologun Agbaje St
,Temi_photography,Lagos,Lagos,NG,0,0,Photographer,https://www.temi_photography.com/,+234 810 650 3569,57 Marina Rd
